X,Y,abandono_6meses
9.956481,-11.131715,0
-13.564187,-6.7630157,1
4.1724873,-0.009307051,0
18.2043,-3.004145,1
18.21882,-3.0038378,0
12.193721,-7.5638156,1
14.402277,6.1507926,1
-11.626508,-2.4608934,0
-11.6415415,-2.4500594,0
22.011171,-2.4788191,0
-12.506488,7.990186,1
-12.641721,11.03712,1
-6.2050223,-4.591984,0
22.032358,-2.499818,0
-9.562574,-0.9875588,0
27.601006,5.1851344,1
-0.53127503,3.303491,1
-0.9915549,-1.9173459,0
-15.730392,-0.9549201,1
5.1625104,8.511362,0
3.0404615,2.8026807,0
15.547191,-6.7676206,0
11.316365,6.4842806,1
-8.086177,13.841874,0
-18.94873,10.782554,0
14.850648,21.59343,0
10.667186,18.24801,0
12.382591,19.366327,0
5.403491,5.5759845,0
-2.7125766,-0.10972778,1
7.1004705,17.040026,0
-7.1135874,5.7620306,0
13.075573,-2.1467679,1
-18.93442,10.770297,0
-15.711804,-0.9737133,0
-3.19663,17.65946,1
8.786905,12.447505,0
3.0837724,-7.3295755,0
8.476165,19.061785,0
-1.007275,-1.8725665,0
-2.1769044,5.4668255,0
1.9639789,-0.19809905,1
4.625748,-10.406503,0
2.9589272,2.5791683,0
12.397312,19.35161,0
-3.5654225,9.084105,0
-3.2034452,17.666012,0
-17.712324,2.3548257,1
-9.562699,-0.98831093,0
-12.695418,11.091112,0
-0.5502514,3.321489,1
16.13269,-3.2749012,0
-4.585727,-5.775508,0
5.2146034,8.559494,1
21.489809,5.358903,1
9.114179,9.052474,0
7.1423197,9.870403,0
21.518106,5.3306293,0
-2.7102776,-0.10679788,0
7.0990987,17.038214,0
-7.0805335,5.7830586,0
-8.063509,6.993928,1
-0.5310285,3.301655,0
6.3487415,-10.900996,0
14.856719,21.599539,0
-18.935724,10.771265,0
-11.978395,-8.538617,0
8.826606,12.407773,0
6.3536067,-10.888565,0
6.3464227,-10.899872,0
-3.2090333,17.67183,0
-5.2312307,20.041203,1
8.477498,19.055502,1
1.4772425,5.9464107,0
17.659042,8.61835,0
-1.8783019,1.5917557,1
24.118822,1.8567005,0
2.970053,2.6027856,0
13.785298,-9.984298,0
-0.45353195,16.010193,0
-3.1988566,17.661577,1
-8.045875,6.986231,0
13.053264,-2.1241298,0
5.424582,5.4932976,1
1.4599978,13.498561,0
9.423924,-5.75979,0
2.01471,15.665155,0
8.834398,12.402127,0
21.527296,5.3211503,0
-5.894875,11.077831,1
3.760937,9.916853,1
-4.582788,-5.7734523,0
-0.54019827,3.3105278,0
6.373917,-10.876073,0
1.6336526,-0.287159,1
14.851354,21.594162,1
0.35560152,8.204993,0
0.7319565,20.31545,1
-1.0308409,-1.8749396,0
-2.989993,-2.3137922,0
10.735332,-0.51068425,0
-3.1981425,17.661192,1
4.6369433,-10.39662,0
-7.9019156,-0.31657735,1
4.079127,24.044905,0
3.0785296,-2.97577,1
17.650362,8.629336,1
-1.8640538,1.5786166,1
2.033121,15.683606,1
-7.1510553,5.8017316,0
-4.994659,14.0973425,0
0.83253455,-2.2476244,1
13.796742,-9.995616,0
12.413328,19.335987,1
2.0283372,-0.10083618,0
5.056741,5.796773,0
17.365791,6.141275,1
1.460574,13.498245,0
10.631245,13.032376,0
15.547631,-6.768244,0
-2.9709425,27.609379,1
-8.087129,13.842112,1
16.15838,16.017725,1
-4.1525426,-10.052753,1
14.853529,21.596296,0
10.643738,18.224907,0
19.424963,6.0420523,1
8.351509,5.0129137,0
0.35042375,8.2028885,0
12.0080805,3.6993277,1
5.698496,5.3447614,0
0.35421047,8.204198,1
18.20456,-3.0052052,1
-15.735972,-0.94937676,0
7.1079254,17.047283,1
3.112277,-7.3581843,0
10.735464,-0.5116307,0
-1.5829024,-13.841773,0
-1.0176551,-1.8881812,0
-0.020254418,-11.19315,1
4.6509743,-10.386835,0
-2.1583235,5.485536,0
-9.553598,-3.3111231,1
3.9106221,6.153068,1
0.83849305,-2.2418544,1
-3.5606158,9.090392,0
-17.697927,2.3395395,1
18.219118,-3.003802,1
7.105135,17.045256,1
13.063991,-2.1348095,0
8.815454,12.419425,0
-4.1469316,-10.058396,1
12.389106,19.360544,0
5.253386,8.587511,0
8.946417,21.57227,0
0.24782258,12.814525,0
-9.567369,-3.3246834,0
8.946383,21.572222,1
2.0364194,-0.12595324,1
0.24879307,12.813879,0
2.0175786,-0.15062031,1
8.946307,21.572271,1
20.227407,9.565961,1
-7.0895305,5.7691298,0
-9.3350725,1.9511914,0
11.326147,6.49996,0
-13.636728,1.8740445,0
-2.747215,-0.14099194,0
2.4570143,11.08654,0
20.246782,9.585569,1
3.016566,2.7837791,0
11.323369,6.49778,1
6.9609237,-6.64832,1
13.556002,3.9686923,1
16.11322,2.1434112,0
-12.503851,7.9928026,0
-4.9899096,4.16785,1
16.111612,2.1433225,1
-5.0077076,4.147916,1
6.7377963,5.05506,1
-1.5836023,-13.841759,1
-10.374383,3.8697338,0
6.3546305,-10.892992,0
6.7425556,5.053338,0
13.641766,10.576145,1
-0.9844308,-1.9247789,1
3.1226456,-2.4747026,1
5.315614,8.6285925,0
-10.382938,3.8784184,1
8.835444,-10.206498,0
5.2910438,8.615283,0
2.7762854,2.0817852,0
-7.9101567,-0.3110849,0
-8.066184,6.999314,1
-3.5341902,9.107542,1
6.314894,-10.931592,1
10.2344265,2.4815457,0
-7.9584618,12.129194,0
1.4672997,5.918534,1
-7.082772,5.7325,0
5.2170315,8.563021,0
5.4960756,3.7903705,0
7.254268,-0.64903104,1
8.370752,4.99605,0
-1.9863046,13.886088,0
3.8819735,6.1313596,0
-7.0723777,5.723939,0
10.8688,5.6443624,0
8.306118,5.056115,1
17.365978,6.143512,0
0.32663748,8.169575,1
-0.036090437,-11.177916,1
1.90783,-13.894275,1
10.865574,5.6403356,0
2.5586379,1.776162,0
4.1834,0.0039780065,0
-6.438489,17.619457,0
8.361827,5.0042925,0
-1.0302029,7.8372283,0
-1.3620543,-9.68515,0
-4.980199,4.1585054,0
0.3472825,8.190108,1
13.049561,-2.120803,0
-1.0452149,7.8178043,0
1.6465908,-0.29105693,0
-4.4824395,-1.9281889,0
-1.9861101,13.886185,0
27.60652,5.1905975,0
22.266226,13.136087,0
-4.9750543,4.1581984,1
5.757311,15.488219,1
17.527805,4.091085,0
-6.2042413,-4.5939612,0
-4.4778566,-1.9331036,1
13.804389,-10.0041895,1
2.6158946,8.90522,0
22.265486,13.135395,0
1.463272,5.923013,0
6.389367,-10.856031,0
16.113352,2.1420686,0
-12.6588,11.055022,1
-9.565766,-3.3233106,1
1.4468732,5.9129386,0
10.639279,13.024383,0
3.924985,10.526548,1
5.731059,15.462271,0
17.527973,4.0923643,0
-6.216651,-4.5815496,0
13.751079,-9.950199,0
14.83926,21.582024,0
-6.483698,17.5769,1
1.4591208,5.9281087,1
1.8890036,-13.912545,0
10.85453,-1.118416,0
3.8493981,-16.814207,1
-17.99511,6.8499317,1
-6.1939936,-4.602226,0
5.665796,6.2452073,0
3.0860403,-7.347271,0
1.895043,-13.906561,0
3.8481162,-16.812963,0
12.367673,19.38128,0
-11.619478,-2.4672797,1
5.669631,6.249583,0
22.266163,13.136046,0
2.1170223,10.4148,1
6.3592873,-10.886984,1
6.0329905,3.7813363,1
10.6543255,13.010334,0
-17.716442,2.3584821,0
2.0953496,10.406584,0
0.31499067,8.168505,0
7.246555,-0.65574056,0
10.639737,13.024195,0
-6.1879916,-4.6097126,0
10.649261,13.015846,0
7.094569,17.035805,0
7.08722,17.02625,0
-2.151082,-5.1124105,0
13.643769,10.573978,0
16.113522,16.06312,1
14.412924,6.1364317,0
3.8672743,6.120837,1
13.654878,10.569014,1
-2.9890964,-2.3156688,1
16.13,16.046488,1
0.31257966,8.158507,0
8.332765,5.03039,1
8.338377,5.017912,1
8.845432,12.387934,0
14.992276,9.63285,0
16.154694,2.181701,0
3.1357918,-7.3687196,1
-7.0693316,5.750839,1
-7.0930743,5.7453127,0
20.205404,9.54387,1
14.385873,6.138189,0
3.1171486,-7.343316,1
-13.481599,-6.8454514,1
10.828565,-1.0747508,1
7.975088,-15.225295,1
14.387957,6.1615634,1
1.4673554,5.9316072,1
14.98037,9.622847,0
10.8458395,-1.0915568,0
21.50443,5.344462,1
3.9114285,6.1431684,1
-11.605711,-2.481865,1
21.506636,5.342233,0
7.970832,-15.221163,1
-1.0916523,22.819576,1
-11.617021,-2.4706283,1
3.9203572,6.144348,0
-1.0769391,22.833973,0
-4.955188,4.18784,0
4.399235,7.8213215,0
-3.2021556,17.66491,0
4.27599,19.778992,0
3.9040654,6.145875,1
4.305475,19.75124,1
3.9131796,6.1113863,1
-4.937271,4.2137585,1
14.987831,9.638499,1
17.530966,4.0902567,0
3.8723385,6.105316,1
14.985879,9.633764,0
3.8889647,6.1365013,1
9.335939,0.80446255,1
1.8949432,-13.906725,1
1.894527,-13.907207,0
-1.8710959,1.5828995,1
-9.528876,-3.2860422,1
-17.711607,2.3536036,1
10.543515,5.217337,0
10.238042,2.4877226,0
4.0766625,24.047268,0
9.033713,9.131391,0
-9.557205,-3.3151345,1
4.101111,24.023294,0
8.996647,9.167902,0
-8.074067,7.006721,1
10.656275,18.237059,1
-2.134636,-5.1125917,0
13.642599,10.575344,0
3.136767,-7.3696704,1
7.1650453,9.888582,1
10.239906,2.4852672,1
3.1063838,-7.3462324,1
7.1697125,9.890935,1
10.004865,-11.182911,1
17.542166,4.0772247,1
3.0944624,-7.334368,1
20.182554,9.520748,0
13.78552,-9.985,1
11.120539,9.980733,1
21.908537,-2.375018,1
-1.098397,22.81265,1
-1.1004817,22.81077,1
17.539858,4.079964,1
1.9724959,-0.19548893,1
13.902534,13.552523,1
18.74029,-5.232288,1
6.330323,-10.91813,1
1.9970326,-0.16767262,1
4.17075,-0.006981763,1
20.169313,9.507941,1
7.2315664,-0.6462706,0
4.791712,5.2719636,1
3.8577929,-7.1630216,0
1.4610687,5.9099417,0
-13.447282,-6.8796306,1
20.140612,9.479064,1
7.2465053,-0.6574115,0
13.038783,-2.110808,1
8.769233,-10.127643,1
4.8083925,5.2538166,0
18.739157,-5.230625,1
3.8963845,-7.1565914,0
-4.1651506,-10.040253,0
9.507249,-5.84422,0
27.580647,5.1646852,1
4.3180437,19.737837,1
-4.9714794,4.1817346,1
8.946759,21.572422,0
27.612162,5.1962047,0
4.3105397,19.745531,1
21.382746,18.277693,0
4.4821324,-7.145896,1
-12.680006,11.075518,1
10.862238,-1.1435294,1
1.4342142,5.9472866,0
8.791225,12.43901,0
3.0868208,-7.3319664,0
1.4313873,5.910774,0
21.382896,18.277107,1
5.495871,3.795326,1
3.105406,-7.3508673,1
-1.592085,-13.832887,1
5.497727,3.8036158,0
-1.004972,-1.902392,0
13.051584,-2.1219435,0
6.6266522,11.14064,1
-6.214346,-2.0215232,1
-12.484315,8.01213,0
17.389994,6.1691055,1
17.370163,6.1464677,1
5.6772494,5.3582406,1
-5.553904,0.16492471,1
-12.485131,8.011244,0
17.378006,6.1580634,1
7.2394457,-0.6693668,0
14.987163,9.637844,1
-13.670311,1.9048475,0
5.7051835,15.436269,1
4.080912,24.043161,0
1.4444569,5.914439,1
-4.958875,4.2037125,1
13.792502,-9.993014,1
-1.0083838,-1.8999945,1
7.2576427,-0.65250903,1
5.722499,15.453654,1
4.172483,-0.0077193445,0
1.5569593,6.936121,1
-8.031434,6.963575,0
13.887682,13.53796,0
13.556857,3.9690626,1
-9.343123,1.9426378,1
13.78754,-9.987755,0
17.86017,-13.921738,1
2.7714493,2.074276,0
17.655994,8.624982,1
2.0832114,10.3769655,1
4.321709,19.734282,1
-9.339845,1.9432076,0
4.0936894,24.030346,0
17.861893,-13.923442,1
2.1025314,10.397164,1
-9.453426,15.584013,1
4.4545527,-7.1512456,1
2.0948305,10.406493,0
0.250924,12.811819,1
17.35133,6.13131,0
-7.044001,5.6830864,1
12.010903,3.7040272,0
1.9000843,-13.902028,1
-1.9861634,13.8862,1
24.10824,1.8460021,0
-9.442555,15.607184,0
-9.332537,1.9434346,1
2.7720187,2.0762782,0
1.4487097,5.9188356,1
1.8925054,-13.909736,1
24.121283,1.8591187,0
7.160234,9.885169,0
17.625927,8.655054,1
20.67054,-7.7658052,1
16.053545,16.123117,1
3.6742685,9.828411,1
17.64982,8.631043,1
6.6266274,11.140737,1
-11.977168,-8.5402155,0
16.122059,2.150632,1
3.6848779,9.840385,1
-1.9868605,13.886461,1
-7.910351,-0.3078286,1
-2.218355,11.242012,0
0.30858275,8.158323,1
10.735503,-0.5123725,0
-7.9109945,-0.3054213,1
0.731837,20.310078,0
-2.2193706,11.241257,1
5.5001283,3.7879364,1
5.7562733,15.487097,1
6.747697,5.053831,0
-6.1981764,-4.6003647,0
12.384454,19.364975,0
6.626992,11.141422,1
17.85506,-13.916587,0
5.749037,15.480166,1
9.984762,-11.1628,1
0.39293376,8.254356,1
15.547684,-6.768261,0
21.945196,-2.412383,1
4.0774045,24.046427,1
-17.995522,6.8485036,0
3.2967806,-2.4187326,1
3.936849,6.1382194,0
-5.5713935,0.14764416,1
5.4991493,3.7876797,0
-2.1194532,-5.0981407,0
3.9299319,10.539385,1
1.8900876,-13.911724,1
10.004424,-11.182507,1
-2.7451947,-0.14232777,0
3.9483705,6.1298227,0
3.262588,3.1092818,1
19.425406,6.042443,1
0.24769998,12.8125925,1
7.0749993,17.014004,0
-8.100439,13.856323,0
-2.738301,-0.13514231,0
-1.9862919,13.886107,1
3.5329309,-2.7889879,1
3.2289345,3.0719283,0
-2.9761333,27.614252,1
-4.1622934,-10.043472,1
3.9508157,6.1191726,1
1.4402817,5.913818,1
5.4689045,3.8153253,1
-1.9862331,13.886143,1
5.4705596,3.8013668,0
1.0985821,3.4789338,1
-2.1582797,5.485588,1
-4.162021,-10.043273,1
17.621277,8.660118,1
11.319468,6.4982414,0
10.88899,5.6654863,1
19.425343,6.0424724,1
-11.97925,-8.538018,0
-0.99053043,-1.9189167,1
10.877998,5.6511893,1
-5.2253532,20.035107,1
-9.438487,15.572617,0
9.499773,-5.8362613,0
4.071744,24.050346,0
9.498791,-5.834843,1
20.18826,9.526643,1
-12.508551,7.9864516,1
13.629765,10.590023,1
-7.959676,12.128001,0
0.24974483,12.813079,0
3.317464,5.5569305,1
13.036624,-2.108247,0
20.174845,9.513152,0
-9.587015,-3.3451793,1
13.656696,10.562286,1
0.25030848,12.812605,0
2.0081055,-0.15771462,1
-5.5490384,0.17705047,1
3.3082254,5.5501595,1
13.082323,-2.153692,1
17.523401,4.0963407,1
9.502714,-5.8387437,1
20.685114,-7.7799945,0
9.533603,-5.869038,1
-5.0175724,14.121841,1
-4.9858594,14.089475,1
8.47568,19.062952,1
0.32220525,8.166405,1
9.340786,0.81099045,0
24.081821,1.8195539,1
4.176665,-0.007920842,1
8.474247,19.065248,0
24.085413,1.8231909,1
4.1586685,-0.016383078,1
16.118223,2.1467783,0
8.800835,12.434896,1
9.34262,0.814798,0
16.119356,2.1477683,1
-4.374118,5.178587,1
-7.104904,5.7141066,0
13.65379,10.585084,1
20.629625,-7.7218823,1
18.739103,-5.2329144,0
-4.3577065,5.196502,1
13.643999,10.576746,0
-4.3788157,5.1768894,1
18.738546,-5.2328825,0
6.978242,-6.622521,0
19.434723,6.038129,1
-9.3476925,1.935544,1
8.803476,12.432055,0
16.073654,16.102453,0
16.122112,16.054234,1
4.4646635,-7.1547246,1
6.9657106,-6.635497,1
20.671103,-7.76389,0
12.183991,-7.5538754,1
-4.4982605,-1.9156814,1
0.82522905,-2.2544742,1
-4.973984,14.078616,1
3.8783946,-16.842886,1
-0.55961317,3.3301146,1
-2.7354574,-0.1331806,0
3.8647957,-16.828575,1
3.5955691,-2.8633308,1
17.658045,8.631165,1
-1.8240737,1.5374359,1
12.991447,-2.0647035,1
-1.8505398,1.5671691,1
2.619891,8.899778,1
-13.469074,-6.858127,0
8.459184,19.08053,1
8.443694,19.096199,1
-0.44825685,16.00311,1
-4.5820146,-5.772182,0
-13.631169,1.8676718,1
2.0227184,15.673057,1
7.0699916,17.012486,0
2.005347,15.655709,1
10.824527,-1.1114228,0
3.112834,-7.359832,1
-5.2300234,20.040047,1
10.815632,-1.0880213,0
11.329656,6.4954543,1
11.123743,6.116284,1
21.751244,-2.218329,1
-9.462003,15.594977,1
21.804186,-2.2693734,1
21.931654,-2.3981626,0
-7.959398,12.127855,1
-9.420727,15.557758,1
9.133125,9.031192,0
1.4900448,5.960227,1
9.043812,9.122063,1
1.9269624,-0.29216915,1
-9.441348,15.580426,0
-5.2311673,20.041065,0
21.805641,-2.2704177,1
21.800869,-2.266556,1
1.9105542,-0.32985812,1
9.023202,9.14391,0
8.833307,-10.198221,1
0.36002666,8.209397,0
14.851911,21.594732,0
-4.370128,5.186424,1
-6.230993,-1.9741412,0
10.020291,-11.198376,0
14.403301,6.151144,0
14.844243,21.58727,0
-11.977949,-8.539122,0
-0.5267228,3.2971606,1
6.9423304,-6.6579323,0
13.765827,-9.965542,0
7.9690967,-15.21954,0
4.6297817,-10.406195,0
12.414006,19.334036,0
8.829426,-10.202212,0
5.2542434,8.599918,1
12.990804,-2.065644,0
17.385641,6.121372,0
13.731175,-9.931017,0
7.185491,9.906053,0
12.411702,19.336561,0
-6.213265,-1.9905998,0
3.1990216,-3.220763,1
-0.54995024,3.3201385,0
3.9441266,6.1822424,1
10.666011,18.246326,1
3.9159143,6.162843,0
3.0789514,-2.787444,1
21.75573,-2.2227137,1
9.456209,-5.7942276,0
5.3054585,8.631824,0
-18.934937,10.770057,0
9.459943,-5.796638,0
-7.9101796,-0.3090255,0
3.0407207,-2.578108,0
9.102788,9.064715,0
11.105294,9.9841795,1
5.6878967,5.3454714,0
7.145603,9.87118,1
10.2451315,2.4911876,0
13.047172,-2.1153684,0
-9.322121,1.9668117,0
2.0688777,-0.10029108,0
17.847977,-13.909771,0
-17.695164,2.3373067,0
-17.708622,2.3506298,0
-9.543827,-3.3012412,0
-1.5834001,-13.841898,0
-1.0534365,7.8163238,0
4.2796993,19.778265,1
-3.1894567,17.65224,0
16.132206,16.044292,1
13.556195,3.968232,1
-13.583989,-6.74338,0
2.7342298,2.0295959,0
9.43172,-5.771009,0
-3.5381808,9.1075115,0
10.893774,5.6662087,1
9.127092,9.039107,1
0.25897524,12.804228,1
10.637459,13.026525,1
9.14651,9.020711,1
-6.463237,17.597221,0
4.615517,-10.419568,0
-5.8837886,11.066177,0
-2.1505733,5.493996,0
27.589754,5.173835,1
14.853031,21.595833,1
10.872301,5.640753,0
9.093345,9.07307,0
20.667667,-7.761203,0
9.445295,-5.784644,1
-11.615745,-2.4709353,0
-12.450587,8.045453,0
17.479591,0.2757464,0
-3.546316,9.101731,0
8.793423,-10.157378,1
17.534197,4.085405,0
-5.0243316,14.132709,0
-1.0490452,-1.8595128,0
-3.51249,9.132351,1
-1.8423582,1.5526388,0
5.665968,6.247169,0
-15.708692,-0.97668797,0
-11.99956,-8.516867,1
19.426094,6.0417104,0
4.301631,19.755339,1
9.971231,-11.149578,0
-0.5341123,3.304259,0
14.84233,21.585207,0
-1.8799256,1.5900908,0
-12.48448,8.012162,0
-4.9339857,4.207983,1
13.774374,-9.973722,0
11.34491,6.5211153,0
-18.920412,10.755294,0
-13.631689,1.8681322,1
10.848749,-1.0916073,0
-9.337038,1.9553812,0
-8.039724,6.971009,1
4.47295,-7.153828,1
3.0899377,-7.336013,0
-0.035386033,-11.178394,0
13.104989,-4.399944,0
-8.170114,-7.6428294,0
6.9618745,-6.6351366,0
7.1219645,17.060911,0
-7.132302,5.7823806,0
-17.700323,2.3424017,0
17.342241,6.12218,0
11.0922365,9.981249,1
5.734847,5.3238316,0
1.9949195,15.64559,0
5.1870265,8.532665,0
2.051098,-0.107956946,0
0.71815336,20.3248,1
0.83866435,-2.2432115,0
-0.03389506,-11.180063,1
-9.554769,-3.3121195,1
-1.0520135,7.816322,0
-6.2409,-1.9669774,0
-12.700968,11.09728,0
16.13338,16.042973,1
-1.9862007,13.886078,1
-9.344537,1.9631478,0
17.374746,6.14669,0
2.7518835,2.0428734,0
-2.219016,11.241262,0
-1.0556897,7.815514,0
-0.4489974,16.004026,0
10.637798,13.024862,0
-2.1431983,5.50153,0
16.122904,-3.2851245,1
5.271437,8.601213,1
10.638056,13.027013,0
-6.2130575,-1.9920094,0
17.68572,8.594515,0
21.502476,5.3462963,0
4.4445295,-7.1622963,0
-3.5338085,9.120337,0
-9.536472,-3.2940676,1
8.815137,-10.189293,0
10.875835,5.6425934,0
-4.163985,-10.0417,0
1.5563648,6.9358425,1
17.479788,0.2755525,0
-5.012552,14.116966,0
-3.5181367,9.102207,0
-1.0974545,22.813593,0
10.857592,-1.1055617,0
5.633499,6.1994796,0
7.1914167,-0.70440143,1
10.240163,2.4877274,1
-8.087473,13.84268,0
-5.868587,11.050095,1
-5.010048,14.11551,1
1.1219047,3.5005908,0
-4.59895,-5.7890887,1
3.8125916,6.2802954,1
16.144682,-3.2623267,0
8.807263,12.42733,0
-4.941111,4.200348,0
-1.8803624,1.5916556,0
13.556082,3.9683647,0
5.487992,3.7917306,0
-17.691553,2.3335173,1
15.547306,-6.7694764,1
7.9708934,-15.221275,1
8.372699,4.9916687,1
10.735206,-0.5112468,0
18.219355,-3.0033705,0
16.145918,-3.2614696,1
1.1316313,3.5159721,0
-1.9862007,13.886443,0
13.115602,-4.390116,1
-8.080196,7.013209,0
4.343095,19.713278,1
-7.906768,-0.31256473,1
-13.632119,1.8684645,0
16.07838,12.562785,0
-8.038306,6.9704947,0
4.4598575,-7.1579804,0
4.6295557,-10.406836,1
3.1181707,-7.364472,0
2.6138947,8.905113,0
13.120053,-4.3848124,0
6.9912148,-6.6070414,0
7.0802245,17.019209,0
-7.9093246,-0.30944028,0
8.754584,-9.47056,0
5.4549584,3.8250532,0
-2.1525254,-5.143294,0
-12.482467,8.013476,0
6.939735,-6.6628394,0
5.201319,8.5580635,1
-6.20551,-4.5920744,0
5.756809,-11.891568,0
-10.371708,3.8668435,0
1.1201524,3.4982436,0
4.087638,24.036495,0
17.386425,6.1514616,1
9.914475,-11.071539,0
18.740862,-5.231564,1
-12.643002,11.038546,0
-13.639244,1.8740135,0
6.3222675,-7.576557,0
16.178095,2.205989,1
-1.0170622,-1.8921611,0
20.257885,9.596187,0
-6.4646506,17.596485,0
5.5449777,3.740824,0
-9.427649,15.570158,0
3.0636601,-2.5965989,1
-8.066077,6.9940176,1
15.547755,-6.7683764,0
5.4154186,5.545352,0
3.1043487,-2.6150446,0
-1.0539335,7.820434,0
5.263947,8.596785,0
5.259985,8.591604,0
0.3336208,8.181793,1
3.7435641,9.864082,0
17.696245,8.584074,0
-3.5960617,9.058456,0
0.13095918,1.0291857,1
-1.8921821,1.6016787,0
8.946682,21.570824,1
5.358349,5.549541,0
3.0726664,-2.603653,1
-2.9900196,-2.315464,0
-8.069193,13.824433,0
-13.633301,1.8696696,0
7.24278,-0.6598367,0
2.4550502,11.084901,0
9.434368,-5.772121,0
-15.722614,-0.9627503,0
5.6639647,6.23053,0
10.260962,2.4971514,1
-8.076514,13.831706,0
-2.7102766,-0.107593395,0
-5.864046,11.046627,1
2.9907224,-2.7153225,1
17.328224,6.0979204,1
-2.2192347,11.2413435,0
2.9930086,-2.7961211,0
-8.186501,-7.6308017,0
5.533479,3.7475834,1
6.0419884,3.7819064,0
-13.49454,-6.832657,0
8.806906,12.426714,0
-4.9545927,4.1870995,1
-17.701508,2.3436081,1
8.733822,-9.496902,0
6.5362716,-7.277655,0
16.114841,2.143571,1
-10.368348,3.863462,0
-18.93713,10.771986,0
3.0856974,-2.8737571,0
3.145961,-2.757183,1
7.9704213,-15.220665,0
8.360403,5.0046306,0
17.48033,0.27530834,0
3.0542488,-2.8926644,0
5.4172187,5.588355,0
3.1334558,-2.7205226,1
0.34618732,8.190456,0
1.1494266,3.528537,0
-7.1917305,5.8522205,1
0.13030477,1.0266192,1
-8.083444,7.013317,0
4.307788,19.748775,1
-6.462171,17.598783,0
3.910584,6.110945,0
0.779935,20.267166,1
0.13082825,1.026885,0
3.1395948,-3.0398035,0
3.0442107,-2.9335487,0
-1.0955862,22.81536,0
-4.585057,-5.7754617,1
4.621845,-10.405827,0
17.324602,6.105179,0
3.9281118,10.5398035,0
-1.0127848,-1.8930876,0
3.034948,-2.8694942,1
3.2301276,-3.1835427,0
3.1133764,-2.8951168,1
5.4768214,3.8025157,0
2.9651797,-2.8187253,0
-2.1504955,-5.1289473,0
3.1950002,-3.1580973,1
3.17756,-3.2555065,0
-15.727445,-0.9581255,0
0.8516931,-2.2494314,0
-1.3492895,-9.684114,0
7.9713554,-15.221837,0
-5.87448,11.057506,0
-5.8839564,11.066861,0
5.786827,-11.861073,1
-10.382111,3.8772001,1
6.940575,-6.6622577,0
1.1209819,3.4984064,0
-3.5478325,9.114054,0
-8.183845,-7.6330643,0
12.19004,-7.560288,0
5.7421603,15.47295,1
3.0711186,2.852032,0
16.179537,2.2073624,1
17.861736,-13.923293,0
-17.708885,2.3509088,0
-6.486873,17.572382,0
-1.5832614,-13.841987,0
20.24715,9.585668,1
5.5189815,3.7664998,0
-2.1425908,5.502519,1
11.346618,6.5247097,0
-3.5203497,9.130999,0
13.556116,3.968494,0
3.025854,2.7904282,1
15.547983,-6.768047,1
-13.5440035,-6.7835827,0
10.8755865,5.648348,0
18.74742,-5.224538,0
0.25976396,12.803284,1
3.9330645,6.1745696,0
10.243463,2.4905176,1
6.356801,-10.894158,1
-2.7068465,-0.10417093,1
-8.060788,6.9707417,1
4.681395,-10.382778,0
-2.170222,5.4744296,0
-2.9961789,-2.3086345,0
-8.085233,13.8403015,0
-2.1482723,-5.127315,0
9.447374,-5.78515,1
-3.5682411,9.074016,0
8.806928,-10.167522,1
2.4562848,11.086546,0
-11.616869,-2.4700863,0
8.353818,5.009971,0
-2.2191403,11.241343,1
-17.983566,6.8572264,0
5.6784816,6.2418857,0
11.341215,6.517435,0
-17.991604,6.8519287,0
-9.349501,1.965635,0
9.447565,-5.790267,1
3.6985142,9.881901,0
-11.980832,-8.536115,1
-13.469784,-6.85745,0
-11.980929,-8.536053,0
8.751362,-9.458815,0
6.5233674,-7.288854,0
15.5472765,-6.7690787,1
16.123264,2.151065,0
-12.473102,8.023642,0
-8.059884,6.969961,0
-4.9271603,4.218174,1
8.37499,4.98945,0
13.70473,-9.904005,0
0.13028808,1.0267657,0
-12.679553,11.075113,0
-6.454191,17.606153,0
2.015715,15.666225,0
0.7500945,20.312822,1
8.763636,12.465767,0
5.464333,3.8074603,0
5.090851,5.775,0
17.346407,6.1263056,1
-1.0934625,22.817533,0
-17.992428,6.85125,0
-7.734507,6.573452,0
5.767306,-11.888823,0
8.3675995,4.9861827,0
17.480497,0.27508217,0
-15.7476425,-0.93772465,0
-1.8760936,1.5902538,0
-9.5697975,-3.3270667,0
11.353599,6.527914,0
0.72518915,20.31897,0
3.029318,-2.6370044,1
7.968089,-15.218726,0
5.5300856,3.7571464,0
13.779594,-9.978589,0
2.9719954,-2.8512616,0
4.0738907,24.050398,0
-18.935373,10.770917,0
-2.9899871,-2.3163805,0
-13.633264,1.8698512,0
-18.936234,10.771354,1
21.382792,18.277582,0
6.9622636,-6.6385717,0
-12.68274,11.078243,0
3.7740316,9.899131,0
-1.8897523,1.602851,0
4.291963,19.76495,1
17.348335,6.122575,0
4.0783973,24.046041,1
21.955692,-2.422343,0
13.073526,-2.1442025,0
3.1916332,-3.2167354,1
1.9800617,15.631192,0
5.435353,5.5785513,0
-2.135063,-5.115993,0
6.967338,-6.633403,0
1.5567403,6.93537,0
2.9509718,-2.8785875,1
-10.373444,3.868865,0
5.4710884,5.6042366,0
-2.1560075,-5.1375704,0
1.120722,3.4988067,1
10.89291,-1.0366423,0
16.146353,-3.2600734,0
11.1158085,9.980655,0
10.682348,18.263445,1
-10.372955,3.8681781,1
1.5676297,6.9241204,0
17.369936,6.144797,0
1.12227,3.498871,0
8.50176,19.027906,1
4.076761,24.04726,0
9.865029,-11.04293,0
17.480377,0.27518946,0
-1.9294409,1.6340338,0
9.35466,0.82498074,1
14.850679,21.593483,1
-9.451918,15.583934,1
10.646954,13.01724,0
-5.9196706,11.10222,0
-9.458365,15.585792,1
1.4268115,5.8944054,0
14.846769,21.589708,0
10.840936,-1.1034133,0
16.115557,-3.291584,1
0.72445333,20.31936,0
9.404099,-5.7419214,0
1.4494141,5.917272,0
-0.44931194,16.004272,0
3.1784952,-3.1787107,0
9.9542055,-11.130868,0
0.72816133,20.314968,0
27.60293,5.1870112,0
20.198393,9.536735,0
4.313711,19.74313,0
-3.499407,9.108481,0
9.099421,9.06715,0
-2.1119351,5.533127,0
2.9679582,-2.777598,1
1.4537994,5.9250665,1
-13.53506,-6.7925,0
-9.561633,-3.319697,0
5.670294,6.2453017,0
16.143343,-3.2643163,0
-13.552047,-6.7751193,0
-5.2311573,20.040792,0
-2.974734,27.612633,0
-1.9038198,1.5928248,1
-13.513674,-6.814,0
6.6261144,11.140715,1
-0.5246996,3.2958155,0
-5.5556145,0.16505009,0
-13.558242,-6.768927,0
3.7675564,9.915447,0
-1.875577,1.5848048,1
-13.505003,-6.8225207,0
10.234202,2.5202715,0
6.6261525,11.139443,0
-8.074694,13.829354,0
-5.562293,0.15900108,1
3.8001122,9.947587,0
8.816217,12.417717,1
6.3298044,-7.5661597,0
21.49741,5.351362,0
3.7528267,9.884071,1
1.6154006,-0.30395836,0
6.3220267,-7.5762186,0
-5.232468,20.042215,0
0.85027766,-2.2518046,0
3.111767,-7.359787,1
3.7547572,9.8870945,0
-11.618913,-2.468333,0
13.555886,3.9687896,0
-8.022481,6.9531546,0
4.088186,24.0386,0
3.0052109,-2.8492076,1
11.337847,6.5142565,0
3.20681,-7.453583,1
4.429223,-7.18223,1
5.7183256,15.449461,0
9.083159,9.083004,1
-2.174872,5.4697576,1
3.0803075,-2.8315988,1
-11.620021,-2.467085,1
21.504148,5.344539,0
-5.015318,4.1444044,0
-5.5682755,0.17763081,0
8.825789,12.40459,0
13.555916,3.9687161,1
6.324705,-7.5728483,0
-2.2208488,11.240337,0
4.0654135,24.058933,0
-9.560264,-3.3181198,1
5.736158,15.467221,0
-7.8974113,-0.32178518,0
-2.158909,5.4859896,1
-9.566483,-3.3238673,0
21.504217,5.344628,1
-15.74373,-0.94179267,1
16.130276,16.046373,0
11.120014,9.981079,0
9.340423,0.8114137,0
-4.9791055,4.1718044,0
5.3874655,5.598258,0
9.011539,-10.3749,0
12.216342,-7.5863643,0
6.9846015,-6.6133304,0
8.82582,12.405322,1
15.548721,-6.7671,0
4.437199,-7.176648,0
0.83364934,-2.2509234,0
12.202705,-7.5729666,1
20.235525,9.573984,0
8.812577,12.421782,0
9.423559,-5.7587767,0
-9.563096,-0.9875796,1
15.547772,-6.7683616,0
-8.097976,7.0259256,0
14.990283,9.624476,1
-4.594369,-5.7841682,0
7.091448,17.03052,1
10.650504,18.230207,1
9.403654,-5.7417545,0
7.2453723,-0.65825945,1
-1.8588246,1.572668,1
5.680934,15.411997,0
13.826659,-10.027103,0
3.2049553,-3.2053723,1
-4.4765325,-1.937647,0
8.857525,12.374905,1
7.151106,9.87721,1
-9.564185,-0.9861115,1
8.477315,19.060831,0
-4.631596,-5.8215694,0
-3.001305,27.638971,0
13.054636,-2.1265917,0
-5.031867,4.1269927,0
10.654212,18.234583,1
9.428076,-5.780974,1
3.7553902,9.895467,0
13.704856,0.64477235,0
-2.9873524,27.625599,0
-6.2027826,-4.5940337,0
-6.2013664,-4.596222,0
5.3732076,5.5633774,0
-6.2141104,-1.9926107,0
-1.3458065,-9.656621,1
13.07685,-2.148431,0
1.8725892,-13.928897,0
12.207585,-7.577692,0
13.022834,-2.0958397,0
3.7449224,9.91831,0
-2.9852538,27.623241,1
13.07087,-2.1397243,0
-9.446135,15.580163,1
-5.0167584,4.12995,0
-0.44906223,16.003662,0
3.750286,9.887787,0
13.692965,0.63272434,0
-3.1948774,17.65749,0
-6.2121067,-4.583644,0
-1.0561248,-1.8519436,0
5.7507133,-11.900361,0
-0.4490452,16.003984,0
3.2047062,-3.1765723,0
3.1763139,-3.1541493,0
3.002862,-2.940561,0
6.309698,-7.593703,0
-1.3507087,-9.676036,0
5.418869,5.558377,0
20.260246,9.598658,0
-1.9277589,1.6407732,0
8.816053,12.41559,0
1.623436,-0.2998682,0
18.22167,-3.0036373,1
21.831186,-2.2968147,1
12.99998,-2.0741343,0
11.104027,6.0789223,0
-9.444053,15.585449,0
22.292763,13.162574,0
-1.8556448,1.568808,1
5.4870996,3.7933936,0
5.680057,15.41117,0
0.83674884,-2.2412992,0
12.397627,19.351784,0
5.413196,5.5619555,0
21.775646,-2.2413487,0
3.9321597,10.5353155,1
17.531057,4.088552,0
-17.993746,6.8502297,1
-9.442854,15.590432,0
17.6698,8.612433,1
3.052005,2.8207395,0
3.0649207,-2.7669394,1
3.79874,9.8875475,0
3.747852,9.892099,0
-0.533041,3.3032176,0
5.6744366,5.362385,0
-1.0719545,22.839146,0
14.9990425,9.661365,0
7.086572,17.023922,0
-4.5791464,-5.7689633,0
3.2189517,-3.2165487,1
-5.8858113,11.068359,1
5.7310147,15.462013,0
6.32364,-7.5734763,0
17.696255,8.5846,1
13.870023,13.520244,1
3.0609512,2.8318615,0
-13.633001,1.8695111,0
24.104675,1.8423913,0
-15.710228,-0.97560227,0
5.6640105,5.3611646,0
-1.023638,-1.8858091,0
10.667107,18.247835,1
14.9879265,9.638572,0
12.189289,-7.559474,1
-5.8877525,11.070467,1
-12.481842,8.01429,0
12.198835,-7.568847,0
-13.630611,1.8671958,0
24.10147,1.8391,0
27.59868,5.182683,0
-1.9145024,1.6241896,0
2.4577057,11.088112,0
10.665221,18.245632,1
3.2911963,-2.9188871,0
3.3543215,-3.1016016,0
21.75879,-2.2248642,0
-1.5980878,-13.82734,1
17.527489,4.0922804,0
4.632278,-10.400367,1
-12.479736,8.016462,0
-2.175646,-5.153384,0
17.843098,-13.904723,1
-1.5938708,-13.831122,1
5.513309,3.769056,0
8.817821,-10.182317,0
12.185447,-7.555607,1
-1.0904429,22.82086,0
4.6493444,-10.358691,1
10.872921,5.650527,0
-2.151005,-5.1305075,0
3.0786905,-2.8080714,1
0.24844252,12.814073,1
-8.051578,6.9814887,1
0.23560476,12.827285,0
-2.1428587,5.5007606,0
5.653412,15.384753,0
-4.168251,-10.04175,1
1.4607412,13.508498,0
20.668491,-7.7635627,1
3.0589664,-2.885891,0
20.66891,-7.763889,0
-8.042503,6.970475,1
10.848013,5.623888,0
-0.034857076,-11.1793995,0
-12.001834,-8.515858,1
13.104,-4.401273,0
17.38506,6.1554213,0
16.142744,-3.2640898,0
3.0816178,2.8595784,0
4.678615,-10.386321,0
-5.5715013,0.15066807,0
-11.982885,-8.533959,1
16.14439,-3.2630644,1
-5.8935747,11.076234,0
12.975848,-2.0709305,0
-4.4834375,-1.9256849,0
0.13356926,1.0277021,0
12.192465,-7.5625253,0
2.4595892,11.091527,0
17.662018,8.61969,0
16.114758,16.061972,0
-5.886114,11.068755,1
-4.474988,-1.9172648,0
3.3726625,-3.0154912,1
13.103836,-4.399992,0
2.5738113,1.7912482,0
17.690577,8.590856,0
6.943322,-6.6585503,0
-5.5718036,0.15078202,0
2.5870926,1.8115497,0
13.706169,0.6455441,0
9.055733,9.109292,0
4.0570917,24.067003,0
-0.44947374,16.004826,0
2.0186353,15.669258,0
1.906126,-13.895832,0
13.724022,0.6617296,0
0.24683425,12.814027,1
-0.45166814,16.006899,0
10.895826,5.6731343,0
1.9955117,15.646838,0
-4.1639404,-10.040364,1
13.707845,0.6465486,0
8.368981,4.9985275,0
21.755684,-2.2397685,1
2.7774773,2.0836935,1
3.8608873,-16.824913,1
14.881124,21.623878,1
2.0243292,-0.13592604,0
8.358442,5.009407,0
21.741268,-2.2087073,1
4.4390726,-7.1605325,0
9.038149,9.126552,0
8.946565,21.572277,0
4.4055667,7.8290133,1
-13.543164,-6.784378,1
14.855452,21.598202,1
4.400282,-7.193774,0
13.657535,10.560727,0
-0.034485195,-11.17375,0
16.079424,12.562858,0
1.4667903,5.9315047,1
-10.361183,3.8566222,1
-5.229115,20.038797,1
8.946505,21.572124,1
13.832434,-10.034132,1
-12.474279,8.021774,0
-10.354294,3.8497186,1
13.786043,-9.987766,0
-5.0047097,14.112205,1
3.1171024,-7.361853,1
16.154757,2.1818035,1
11.119198,9.979005,1
-1.5804749,-13.844318,0
-2.9902585,-2.3159568,0
27.596437,5.1805134,1
3.2228563,-2.4657443,1
8.372676,4.99555,0
16.158558,2.1855707,1
-8.105339,13.862081,0
-1.0215111,-1.885779,0
8.798545,12.434081,1
4.16112,-0.019725617,0
2.7841542,2.0882356,0
13.720932,0.6596161,0
1.1198573,3.4988148,0
-0.9803876,-1.9254049,1
3.1944838,-2.68895,1
-8.168777,-7.6436677,0
1.6316026,-0.2993236,1
-5.566007,0.1632599,0
11.119709,9.980911,1
10.66611,18.246983,0
-9.563685,-0.9881544,1
-3.1925824,17.65542,1
4.632585,-10.411135,0
-5.8869886,11.069654,0
13.845594,13.495679,0
-9.563029,-0.98778176,0
13.843907,13.493997,1
10.524523,5.2097597,0
-5.8873725,11.069718,0
13.858793,13.508404,0
5.5346813,3.7466824,0
10.793586,-1.0931084,1
13.913139,13.563141,1
4.6336775,-10.401166,0
16.079271,12.562852,0
7.0954986,17.034306,1
-3.1926453,17.655489,1
10.64383,13.013519,0
3.1833003,-7.4051995,1
0.83420336,-2.2471566,1
8.991026,9.170052,0
-8.070657,13.825171,0
4.652494,-10.382414,0
5.205026,8.600341,1
3.0924153,2.8728926,0
-9.449779,15.58742,0
4.173098,-0.007838375,0
8.992139,9.171618,0
3.2704518,-3.2014904,1
10.821479,-1.1243454,1
2.0013022,15.651598,1
3.178396,-2.4247353,1
3.149191,-2.4336686,1
8.94686,21.573414,0
-4.571041,-5.7617393,0
8.952232,21.589148,1
-9.583503,-3.3409066,0
8.9471245,21.574162,0
11.102975,6.0796,1
-4.5827827,-5.771966,0
13.869093,13.5191,1
13.813833,-10.014636,1
3.1092768,2.890664,0
18.21926,-3.0036702,1
3.0535815,2.8282628,1
3.7281775,9.905073,1
16.084059,16.09263,0
21.382868,18.27734,1
-5.5718603,0.14990601,0
13.788965,-9.988281,0
-0.4498913,16.004957,1
-6.471213,17.592886,0
0.83629787,-2.2411995,0
3.1100903,2.8899515,0
12.005418,3.6978333,1
18.220081,-3.0033793,1
3.6891832,9.94835,0
22.008375,-2.4756775,0
21.38313,18.27634,1
-1.104983,22.806227,0
-5.567495,0.15482672,1
-1.576799,-13.847797,1
-12.651471,11.047001,1
-2.1458988,-5.1255817,0
-4.4591613,-1.9539676,1
4.294691,19.762783,1
3.2117162,-2.4695725,1
10.735334,-0.5102842,0
3.1783206,-2.4775517,1
19.425537,6.0414224,0
-10.363857,3.8593252,1
-12.6706085,11.066243,1
8.754059,-9.470484,0
3.3357332,-2.6373928,1
20.170273,9.508743,0
19.426262,6.0415616,1
4.255507,19.801966,1
22.267456,13.13734,0
-12.699785,11.09557,1
-4.59746,-5.78748,1
-4.5868645,-5.777575,0
5.508178,3.7767243,0
16.09414,16.082249,0
2.0410342,15.69188,0
13.056598,-2.128391,0
10.736505,-0.5210744,0
12.006286,3.6985536,0
20.181808,9.520209,1
5.3106527,8.63709,1
-5.883618,11.06635,0
13.709551,-9.909186,0
-11.960628,-8.5566635,1
11.295748,6.472115,1
8.75213,-9.465551,1
20.137472,9.475874,0
-10.356811,3.852239,1
-5.868837,11.051205,1
3.3929126,-3.145526,1
18.738934,-5.233569,1
3.9651024,6.119522,0
18.734062,-5.2400413,1
24.097788,1.8348742,1
0.7224453,20.322824,0
17.85409,-13.915682,1
-0.06147684,-11.1526,0
-13.545939,-6.781847,0
11.975084,3.6681159,1
12.982304,-2.058162,0
13.745246,0.6788543,0
-11.613933,-2.4739335,1
-0.03256384,-11.175641,0
-5.5643516,0.16798477,0
12.003823,3.695843,0
14.988738,9.638282,1
-7.098755,5.742501,0
12.983664,-2.0583851,0
21.97451,-2.4417639,0
17.522884,4.0973825,0
-11.594059,-2.496369,1
-7.9588184,12.127108,0
14.988653,9.639169,0
0.7443228,20.30127,0
6.0447946,3.7769082,1
5.5035024,3.7767277,1
17.855288,-13.916858,1
2.087639,10.396054,1
4.2965136,19.760595,1
1.4607614,13.499604,1
0.74781597,20.299116,0
4.2966185,19.76037,1
5.3481956,5.5001254,1
-9.493044,15.630942,0
1.4612478,13.499483,0
11.351551,6.5273705,1
-9.483946,15.628961,1
3.1872885,-2.4321527,0
6.618871,11.14835,0
2.0016127,15.652018,1
5.7285366,15.459736,0
5.702558,15.433866,1
9.996741,-11.174838,0
5.2648706,8.600069,1
3.2223098,-2.3809848,1
-2.1097338,5.534519,1
9.984629,-11.162156,1
5.272161,8.607813,1
-2.1863518,5.4573545,0
20.650457,-7.7446647,1
16.098839,16.07774,0
20.661125,-7.755495,1
-2.781257,-0.17773905,1
5.3729596,5.577088,1
-5.0410843,4.120847,0
3.9279785,10.535128,0
10.639072,13.024913,1
-4.978571,4.1754875,0
0.2525446,12.811283,1
-7.94426,-0.27368256,0
-11.623664,-2.4641776,1
5.77154,-11.879232,0
1.4692727,13.510912,0
-2.976026,27.611895,0
-10.355135,3.850285,1
-5.924059,11.106961,0
-12.482183,8.012322,1
9.4898815,-5.8275666,1
8.828186,-10.197147,1
-2.739676,-0.13552703,1
-7.114362,5.720053,1
7.0836554,17.022657,0
-5.0307035,4.127659,0
-8.071128,7.005513,1
5.796461,-11.854467,0
1.4595598,13.497069,1
-10.360877,3.8561125,0
-5.9226203,11.1052885,1
-12.464011,8.032056,1
9.527765,-5.8648095,1
-9.464753,15.603641,0
5.782094,-11.871151,1
10.241042,2.484412,0
-2.9919748,-2.3053303,1
-8.104606,13.860474,0
27.612051,5.196088,0
16.133686,2.1613355,1
6.345012,-10.894621,0
13.103179,-4.40208,0
6.312232,-10.935214,0
-7.117494,5.720878,1
-2.7415082,-0.1386008,1
-8.169435,-7.6429267,0
-17.750675,2.3925998,1
8.946912,21.573341,0
-12.488163,8.008815,0
7.9691997,-15.218585,1
-1.9868166,13.884427,1
3.4074278,-2.7476296,1
-4.3611817,5.2110386,0
4.6488657,-10.386354,1
3.5889456,-2.8298354,1
3.5472062,-2.956125,1
3.601314,-2.9034288,1
5.3371987,5.4602537,0
7.255113,-0.66165143,0
11.985108,3.678998,1
-2.9907856,-2.3140843,1
11.307147,6.4837956,0
10.242568,2.4705591,1
13.102776,-4.402321,1
6.3189435,-10.925632,1
9.070045,9.095249,0
-3.5438526,9.108352,0
-2.7658222,-0.16201577,0
-8.18406,-7.636798,0
17.661798,8.619573,1
4.6295953,-10.403358,0
-12.518843,7.9781437,0
-1.9860942,13.886254,0
-2.973006,27.610937,0
-4.3679347,5.186505,0
-4.980431,14.131089,1
-6.1995463,-4.598596,0
16.160744,2.187946,1
13.102975,-4.400535,0
24.134941,1.8726733,0
-7.096889,5.739612,0
-9.583597,-3.340882,1
8.815754,-10.187704,0
-5.5807614,0.14762975,0
3.2465687,-2.5276542,1
-4.967649,4.1863728,0
3.9543965,6.164749,1
10.905549,-1.0292951,0
17.63672,8.644335,1
-6.464309,17.596556,1
3.2963731,3.1526208,0
8.799709,-10.153861,1
10.824518,-1.1244767,1
3.3315432,-3.174092,0
3.5011551,-2.948951,1
13.097093,-2.1677196,1
3.5395834,-2.888472,1
0.75134885,20.291162,0
10.8931,5.6667438,0
8.793528,-10.163353,0
16.079214,12.563011,1
-17.736221,2.3781404,1
9.488804,-5.8253245,1
-6.4642515,17.59668,0
7.967005,-15.217342,0
10.819137,-1.1234895,1
-1.5869114,-13.837086,1
-15.725475,-0.9598898,1
7.0016537,-6.596833,1
-6.4644227,17.596231,1
-2.0956938,5.5485387,1
-9.333142,1.9470236,1
17.513006,4.106771,1
-5.0118775,14.121793,1
10.637389,13.025152,0
10.929561,5.709647,0
-8.168943,-7.6436596,0
1.9776783,-0.18503712,1
7.2245827,-0.67771083,1
16.07937,12.563023,1
19.423843,6.0400653,0
4.4092503,7.823946,1
16.178759,2.2016394,1
3.4859252,-2.976454,1
27.58971,5.17376,1
5.3757014,5.5519376,0
0.34348574,8.179712,1
21.994211,-2.461497,1
-1.5647529,-13.858376,1
13.556058,3.9685867,1
5.3478785,5.5283055,0
-9.304859,1.9213195,1
6.939357,-6.6631575,0
12.380278,19.36898,0
16.119785,16.057783,0
-7.098863,5.738617,1
-9.5645275,-3.3227167,0
3.923779,6.1524405,1
4.5030274,-7.124514,0
-0.44985965,16.004839,1
16.14494,16.032135,1
11.120219,9.980713,0
-8.16571,-7.6458635,1
6.324082,-7.572554,0
-4.6050644,-5.792624,0
-1.8594503,1.572584,0
-1.1008697,22.810303,0
10.657631,13.005492,1
22.266651,13.136497,0
3.3557847,-3.208516,1
0.1290502,1.027828,1
17.523476,4.0957255,0
16.146332,2.1741536,1
5.722305,15.453507,1
-8.169051,-7.643592,0
-8.165729,-7.6453443,0
-13.631855,1.86832,0
5.789889,-11.860606,0
24.108828,1.8464935,1
19.42595,6.0417156,0
4.4096665,7.827162,1
-1.076733,22.834448,0
2.4636297,11.100465,1
10.633131,13.031189,1
-1.0673226,22.843864,0
16.079245,12.5631275,0
3.804033,6.3010907,0
-17.994402,6.8499293,1
-1.9868665,13.886613,1
17.672583,8.609109,0
-10.360047,3.8554957,0
16.11451,16.062283,0
9.341501,0.8121778,0
-6.2106915,-1.9949228,0
4.315792,19.737926,0
-2.9869237,-2.3202722,1
0.8481719,-2.2354126,1
-3.545286,9.1045265,0
13.923491,13.5732,1
2.0380623,-0.12289928,0
10.619361,13.0452,1
-7.9597588,12.128193,0
8.40018,4.967945,1
-17.975325,6.8697696,1
3.9069617,6.1344986,1
2.0522397,-0.11943335,0
-5.0239654,4.136963,1
3.8104339,9.949014,1
6.951027,-6.6498055,0
4.173767,-0.007744156,0
14.40135,6.1485486,1
-4.36853,5.188912,1
6.7477155,5.051426,0
6.010764,-11.491852,0
-12.680191,11.075894,1
0.31510204,8.160157,1
-6.172879,-4.624113,0
3.9197736,6.1361504,1
13.771917,-9.977068,1
3.6966956,9.868675,0
-1.5351665,-13.889183,0
7.087697,17.027073,0
17.87087,-13.932442,1
13.871719,13.521374,1
7.239022,-0.6629994,0
3.5563223,-2.8571873,1
11.329182,6.507714,1
3.4401553,-3.0273056,1
3.9244223,6.141927,1
-1.0598116,22.851166,0
-6.184545,-4.612998,1
-1.9862002,13.88624,1
6.009267,-11.494376,0
8.799535,-10.174508,1
17.848677,-13.910313,1
13.746398,-9.949135,1
16.101683,16.074986,0
3.6769779,9.84553,1
5.9831142,-11.538163,0
0.11406576,1.0526547,1
-6.209796,-1.9966978,0
13.875418,13.525423,1
4.4486346,-7.156466,1
21.971008,-2.4382484,0
10.898309,5.6763864,0
0.8281167,-2.2551787,1
-3.1890137,17.651667,1
27.610826,5.194854,1
3.2397776,-2.3676639,1
3.0991073,2.8920674,1
2.764638,2.064462,1
9.0820265,9.082786,0
17.50921,4.1113186,0
2.7605288,2.0547512,1
-7.959634,12.1282625,0
-8.092415,13.8476925,1
17.867674,-13.929362,1
3.2332993,-2.3853884,1
-18.017918,6.8260903,1
10.006036,-11.184365,1
1.1196718,3.499017,0
5.9890943,-11.531491,1
21.38398,18.273352,1
22.266314,13.136168,1
5.376103,5.560854,1
0.12893923,1.0290254,0
8.949298,21.583105,1
21.995478,-2.462703,0
12.187857,-7.557811,1
-2.2191653,11.241438,1
6.9515195,-6.6530805,1
3.354839,-3.192436,1
10.529462,5.2149744,0
6.9500194,-6.6515164,0
-5.2296886,20.039682,0
3.7598054,9.898123,1
-4.590106,-5.7808647,1
5.4255824,5.585877,0
3.8591175,-16.82354,1
-4.336147,5.190998,1
3.0908258,2.874724,1
-12.695493,11.091119,1
14.853357,21.596235,0
2.7736642,2.0702114,1
-8.091231,13.8464575,0
3.3057914,5.5476737,0
21.382883,18.276829,1
22.234505,13.104357,1
7.0929384,17.032028,0
8.947385,21.575066,1
3.273867,3.1409297,1
6.989604,-6.6105714,1
13.000312,-2.0738382,0
17.48066,0.2749523,0
3.6796358,9.842613,0
-8.168484,-7.644113,0
16.136374,16.040531,1
16.123487,-3.28437,0
-4.1138,-10.091578,1
20.195412,9.53407,0
14.838301,21.581144,0
-9.5622015,-3.3197203,0
3.8884695,-7.1503873,1
-13.50271,-6.824743,0
4.407964,7.830103,0
17.861204,-13.922751,1
-11.6050825,-2.4826055,1
9.348771,0.81885886,1
21.942863,-2.4097874,1
-6.2097974,-2.0020037,0
11.119916,9.980955,0
20.162197,9.501014,1
12.926387,-1.9999747,0
-3.1896436,17.652164,1
-12.466031,8.026578,1
27.622097,5.2060823,1
-2.7773855,-0.17303847,0
-5.229872,20.03988,1
20.198345,9.537137,0
-0.9936963,-1.912036,1
5.780904,-11.868157,0
13.757714,-9.9588995,1
5.802642,-11.847141,1
10.007776,-11.185991,0
-13.471691,-6.855889,0
21.948359,-2.4151196,1
-6.211563,-1.9964274,1
-1.0954306,22.816505,1
12.201836,-7.5717635,0
16.126764,2.155285,0
9.526938,-5.8632436,0
3.760422,6.3454857,0
7.967601,-15.218067,1
6.7415185,5.0534635,1
-13.550831,-6.777049,0
5.4209356,3.8753839,1
-2.7218819,-0.11754333,1
13.557118,3.9701014,0
3.2233393,-2.3087478,1
-5.2298265,20.039698,1
1.993502,15.644871,1
-17.99545,6.8485284,1
-1.5772872,-13.84743,1
3.214069,-2.37084,1
-5.6135044,0.108612284,0
-11.977295,-8.540199,0
-5.2264466,20.036396,1
1.5571489,6.9341297,1
16.113903,2.1421218,0
21.485634,5.363339,1
-13.426228,-6.900737,1
-13.4410515,-6.8859954,1
1.9449906,15.595187,0
6.739926,5.0558004,0
0.33798406,8.189966,1
22.267254,13.137145,1
-4.3494873,5.2070665,0
3.9207315,-7.1380343,0
7.939254,-15.189742,0
11.119556,9.980669,0
10.246398,2.475585,1
1.5395979,6.9530582,1
4.4492583,-7.178051,1
5.7500076,-11.904633,0
17.894865,-13.956397,1
3.8480237,-16.812735,1
-5.0093865,14.117016,0
0.73208666,20.311504,0
9.970772,-11.148569,0
7.267938,-0.6419973,0
-9.454717,15.589448,0
0.31071213,8.162131,1
6.3207226,-7.578481,0
3.2835162,-2.331763,1
20.651428,-7.744468,1
-15.725517,-0.95993775,0
-5.8609753,11.043284,1
8.474326,19.064707,1
15.547946,-6.7681394,0
13.876537,13.527091,1
-4.492739,-1.9180492,1
-9.461984,15.582148,1
10.239017,2.4833493,0
13.554233,3.9686966,0
2.7503824,2.0494094,1
6.657617,11.110281,0
-13.467053,-6.8602204,1
-5.5599523,0.16647384,1
4.634407,-10.397267,1
-0.013025535,-11.200231,0
17.64509,8.635678,1
4.459362,-7.1673775,1
3.6142259,-2.936647,1
3.6590607,-2.8913248,1
17.370562,6.1462994,1
3.8495245,-16.814478,0
0.73136765,20.311432,0
17.665644,8.615948,1
-5.006109,14.11585,1
9.957854,-11.13846,1
-11.654239,-2.428423,1
-1.350999,-9.6772785,1
13.642708,10.576365,0
27.644623,5.2286506,1
16.130495,2.157921,1
3.710321,9.852083,1
20.662289,-7.7515335,0
-17.995466,6.848592,1
13.891571,13.542445,1
-5.874016,11.056122,1
-1.5599697,-13.864176,1
-18.0092,6.835524,1
-9.477356,15.563158,1
-13.473746,-6.853771,1
-5.0615683,4.099463,0
-6.2025204,-2.0042093,1
13.8636875,13.514186,0
3.3058038,5.5491247,0
-2.7427468,-0.14417034,0
17.720211,8.562426,1
-4.1593304,-10.047004,1
-13.428247,-6.8989487,0
12.206011,-7.576291,0
17.63853,8.642367,1
6.3211813,-7.577422,1
-7.099363,5.7430253,0
3.2052996,-2.406882,1
-17.999348,6.8448043,1
3.3386967,-2.5945733,1
-13.547496,-6.7801995,1
13.865168,13.51549,1
-2.7216058,-0.11883786,0
-4.4828053,-1.9243679,0
-4.1667204,-10.040654,1
3.4170942,-2.7468677,1
17.594982,8.686473,1
-4.1283293,-10.077546,1
5.8011036,-11.843818,1
-7.1034694,5.7456017,1
-15.712302,-0.9742521,1
3.3089137,5.5502725,1
8.488124,19.050209,1
-4.485431,-1.9258381,1
10.222805,2.4571784,0
0.8156299,-2.2657607,0
16.147274,-3.2595584,1
-13.453502,-6.8736286,1
-13.529485,-6.7983646,1
-5.560157,0.16643974,1
13.890914,13.541054,1
-9.564845,-0.9861568,1
-7.683025e-05,-11.2083435,0
3.1227548,-7.36094,1
-4.1451707,-10.060552,1
13.93692,13.586675,1
13.917518,13.56773,1
3.786243,9.924214,1
5.2890344,8.616987,1
-0.95903516,-1.948635,1
5.2872295,8.617201,1
-5.588463,0.13793036,1
-1.8605415,1.5780326,0
-0.9651638,-1.9446605,1
3.4179485,-3.0935073,1
3.3196309,-3.1883526,1
-1.3524783,-9.664954,0
22.007404,-2.4745507,0
22.022678,-2.4895928,0
2.7869868,2.0896971,1
8.774576,-10.145412,1
13.865383,13.5157,0
-15.726401,-0.95914054,1
12.010461,3.7027838,1
10.839239,-1.0986518,1
7.1331964,17.072556,1
8.751878,-9.464258,1
-15.74407,-0.94097394,0
12.002976,3.701029,1
10.823396,-1.1285815,1
-7.914221,-0.3023779,0
2.0532005,-0.11459082,1
5.8055897,-11.840616,0
21.382935,18.276873,1
22.01383,-2.481151,0
-7.9283333,-0.28839576,0
6.5285735,-7.2799377,1
20.189684,9.528332,0
-6.216733,-4.581679,1
2.032584,-0.1311873,1
-1.8087542,1.5222343,1
8.758252,-10.12528,1
-5.851452,11.033347,1
13.867255,13.517323,1
6.064947,3.7779,0
6.520788,-7.279776,1
-6.2245555,-4.573485,0
3.8434904,-16.80984,1
7.123448,17.06239,0
-4.611629,-5.8019476,1
8.379112,4.993521,0
12.245956,-7.6156664,0
3.6255963,-2.8699028,1
-0.5388272,3.3096244,0
3.8540509,-16.82104,1
3.8393798,-16.804401,1
13.643055,10.576453,0
-2.136728,-5.1164937,0
12.2235985,-7.5933123,1
-5.51977,0.20169151,0
-0.5288544,3.300193,1
8.370403,4.996668,1
3.863067,-16.827976,1
13.847883,13.497987,0
3.2252233,-2.3742757,1
3.2810829,-2.2942734,1
-8.168343,-7.6441617,1
2.005287,-0.1584159,1
8.40062,4.960796,1
7.1034875,17.04277,0
11.337005,6.523318,1
2.0017438,-0.16333061,1
17.852736,-13.914299,1
-17.715052,2.3570664,1
16.108828,16.067963,1
5.7479744,15.479081,1
10.614837,13.051628,1
3.6721163,9.833337,1
-2.7182913,-0.11644516,0
10.80495,-1.133177,0
11.33256,6.513081,1
17.480513,0.27529046,0
5.334108,5.5422087,1
17.846611,-13.908265,0
3.619405,-2.8421166,1
13.837434,13.487965,0
5.7399263,15.470798,1
17.538534,4.0816746,1
10.806279,-1.1315606,1
4.1571,-0.0050330623,1
-2.9512722,27.589558,1
9.35384,0.7933408,0
-4.4821105,-1.9244947,1
13.70998,0.64866364,1
-1.566133,-13.857654,0
17.505617,4.1145906,0
5.504659,3.7855458,0
5.0685883,5.775233,1
9.33401,0.81153417,1
16.166115,-3.241117,1
1.9020114,-13.900176,1
10.679049,18.260036,1
5.060631,5.7698507,0
4.8052125,5.260774,0
3.9352477,6.144451,1
2.0123339,15.662689,1
2.095763,10.400348,1
10.5227375,5.2071157,1
16.079252,12.56289,1
2.072905,10.42232,1
-4.5955186,-5.786251,0
13.556008,3.9687781,1
4.800511,5.2520733,0
10.678907,18.25983,0
9.992499,-11.170848,0
1.106517,3.4870129,0
3.177809,-2.4326391,1
10.529423,5.2170477,0
8.797523,12.436968,1
16.07849,12.563092,1
-18.937113,10.772025,1
-3.5165548,9.131373,1
10.841876,-1.1098527,1
-3.530408,9.119274,1
3.8508291,-16.816095,0
6.326074,-10.915106,1
18.223513,-3.0031426,1
13.642611,10.577238,0
2.6175797,8.904163,0
3.5991151,-2.9057841,1
3.3098102,5.5501246,1
0.30517423,8.1536875,1
0.32089895,8.168942,1
6.3031006,-10.93629,1
-8.0358095,6.95583,1
11.333373,6.51341,1
13.627619,10.592081,1
24.107384,1.8450866,0
6.0120976e-05,-11.213438,1
24.106234,1.8438957,0
8.791267,-10.150508,0
3.5537038,-2.8493605,1
3.2193162,-2.3624678,1
5.80086,-11.844236,1
0.12996699,1.0280124,1
0.12879452,1.0285583,1
-7.9595866,12.128214,0
4.797467,5.253052,1
-5.5611877,0.15271404,1
3.6590884,-2.919835,1
21.504684,5.3441343,0
9.035622,-10.398124,1
-1.3507601,-9.677771,0
14.40931,6.1601543,1
3.9245129,10.058687,1
13.762134,-9.961315,1
3.8157644,-16.781343,0
-1.3505796,-9.676135,0
21.82104,-2.2870867,0
-2.960791,27.599329,1
-12.682575,11.078211,0
21.7975,-2.2643638,1
13.734347,-9.933947,1
9.032631,9.133083,1
22.02922,-2.4966362,1
9.176852,8.991327,1
3.0672314,-2.7130876,1
9.099314,9.063651,0
9.03531,9.130354,1
18.740198,-5.2321424,1
13.765972,-9.964959,1
3.1449468,-2.7403936,1
9.146907,9.019095,1
-9.563423,-0.98754084,1
9.021369,9.143587,0
2.64291,8.921621,1
21.504635,5.344374,1
9.058384,-10.4209795,1
-1.3507887,-9.676989,1
9.149169,9.0187845,1
13.736441,-9.935902,0
9.152292,9.014832,1
-1.3488184,-9.676041,1
3.0982108,2.8766973,0
21.824175,-2.2903485,1
2.567847,1.777546,1
-2.957504,27.602253,1
-12.682919,11.078452,0
14.43761,6.171407,1
2.624142,8.913269,1
21.825912,-2.291573,1
9.04087,9.123996,1
21.382872,18.277214,1
9.039807,9.125581,1
9.095254,9.070524,1
21.874302,-2.3403141,1
9.138763,9.027467,1
21.983416,-2.4505763,1
18.739511,-5.232429,1
-2.9736447,27.611874,1
8.9698305,9.194768,1
